topK,accuracy,precision,recall,F1
0.05,0.952191235059761,0.15384615384615385,0.6666666666666666,0.25
0.05,0.9545454545454546,0.25,0.6,0.35294117647058826
0.05,0.9551020408163265,0.16666666666666666,0.6666666666666666,0.26666666666666666
0.05,0.9446640316205533,0.07692307692307693,0.3333333333333333,0.125
0.05,0.9533898305084746,0.16666666666666666,0.6666666666666666,0.26666666666666666
0.05,0.948,0.15384615384615385,0.5,0.23529411764705882
0.05,0.9551020408163265,0.08333333333333333,1.0,0.15384615384615385
0.05,0.9446808510638298,0.08333333333333333,0.3333333333333333,0.13333333333333333
0.05,0.9367588932806324,0.07692307692307693,0.2,0.1111111111111111
0.05,0.9451476793248945,0.0,0.0,0.0
0.05,0.9467213114754098,0.08333333333333333,0.3333333333333333,0.13333333333333333
0.05,0.940677966101695,0.0,0.0,0.0
0.05,0.9482071713147411,0.15384615384615385,0.5,0.23529411764705882
0.05,0.9471544715447154,0.0,0.0,0.0
0.05,0.9446640316205533,0.07692307692307693,0.3333333333333333,0.125
0.05,0.9442231075697212,0.07692307692307693,0.3333333333333333,0.125
0.05,0.9418604651162791,0.07692307692307693,0.25,0.11764705882352941
0.05,0.9487179487179487,0.08333333333333333,0.5,0.14285714285714285
0.05,0.9414225941422594,0.0,0.0,0.0
0.05,0.9512195121951219,0.08333333333333333,0.5,0.14285714285714285
0.05,0.9467213114754098,0.16666666666666666,0.4,0.23529411764705882
0.05,0.9458333333333333,0.08333333333333333,0.3333333333333333,0.13333333333333333
0.05,0.9427312775330396,0.09090909090909091,0.25,0.13333333333333333
0.05,0.9471544715447154,0.16666666666666666,0.4,0.23529411764705882
0.05,0.9631147540983607,0.25,1.0,0.4
0.05,0.948051948051948,0.08333333333333333,0.5,0.14285714285714285
0.05,0.950381679389313,0.15384615384615385,0.5,0.23529411764705882
0.05,0.9357429718875502,0.0,0.0,0.0
0.05,0.9482071713147411,0.15384615384615385,0.5,0.23529411764705882
0.05,0.948051948051948,0.0,0.0,0.0
0.05,0.9416666666666667,0.0,0.0,0.0
0.05,0.94,0.07692307692307693,0.25,0.11764705882352941
0.05,0.9462809917355371,0.16666666666666666,0.4,0.23529411764705882
0.05,0.9467213114754098,0.08333333333333333,0.3333333333333333,0.13333333333333333
0.05,0.9456066945606695,0.08333333333333333,0.3333333333333333,0.13333333333333333
0.05,0.9498069498069498,0.0,0.0,0.0
0.05,0.9551020408163265,0.25,0.6,0.35294117647058826
0.05,0.9399141630901288,0.16666666666666666,0.3333333333333333,0.2222222222222222
0.05,0.9563318777292577,0.18181818181818182,0.6666666666666666,0.28571428571428575
0.05,0.956140350877193,0.2727272727272727,0.6,0.37499999999999994
0.05,0.9488188976377953,0.15384615384615385,0.5,0.23529411764705882
0.05,0.953307392996109,0.15384615384615385,0.6666666666666666,0.25
0.05,0.9510204081632653,0.08333333333333333,0.5,0.14285714285714285
0.05,0.9574468085106383,0.25,0.75,0.375
0.05,0.9456066945606695,0.0,0.0,0.0
0.05,0.9392712550607287,0.08333333333333333,0.2,0.11764705882352941
0.05,0.944,0.07692307692307693,0.3333333333333333,0.125
0.05,0.9554655870445344,0.16666666666666666,0.6666666666666666,0.26666666666666666
0.05,0.9399141630901288,0.08333333333333333,0.25,0.125
0.05,0.9449152542372882,0.0,0.0,0.0
0.05,0.9393939393939394,0.0,0.0,0.0
0.05,0.9510204081632653,0.25,0.5,0.3333333333333333
0.05,0.9486166007905138,0.07692307692307693,0.5,0.13333333333333336
0.05,0.9426229508196722,0.08333333333333333,0.25,0.125
0.05,0.9453781512605042,0.08333333333333333,0.3333333333333333,0.13333333333333333
0.05,0.9426229508196722,0.08333333333333333,0.25,0.125
0.05,0.9469387755102041,0.08333333333333333,0.3333333333333333,0.13333333333333333
0.05,0.9547325102880658,0.08333333333333333,1.0,0.15384615384615385
0.05,0.9488188976377953,0.15384615384615385,0.5,0.23529411764705882
0.05,0.9458333333333333,0.08333333333333333,0.3333333333333333,0.13333333333333333
0.05,0.9367088607594937,0.0,0.0,0.0
0.05,0.9377593360995851,0.08333333333333333,0.2,0.11764705882352941
0.05,0.9516129032258065,0.08333333333333333,0.5,0.14285714285714285
0.05,0.9487179487179487,0.25,0.5,0.3333333333333333
0.05,0.9442231075697212,0.0,0.0,0.0
0.05,0.9510204081632653,0.08333333333333333,0.5,0.14285714285714285
0.05,0.9456066945606695,0.08333333333333333,0.3333333333333333,0.13333333333333333
0.05,0.9433198380566802,0.0,0.0,0.0
0.05,0.9529411764705882,0.15384615384615385,0.6666666666666666,0.25
0.05,0.9529914529914529,0.3333333333333333,0.5714285714285714,0.4210526315789474
0.05,0.946058091286307,0.08333333333333333,0.3333333333333333,0.13333333333333333
0.05,0.9402390438247012,0.07692307692307693,0.25,0.11764705882352941
0.05,0.9493670886075949,0.25,0.5,0.3333333333333333
0.05,0.9566929133858267,0.23076923076923078,0.75,0.3529411764705882
0.05,0.932806324110672,0.0,0.0,0.0
0.05,0.9390243902439024,0.0,0.0,0.0
0.05,0.943609022556391,0.07692307692307693,0.25,0.11764705882352941
0.05,0.9531914893617022,0.08333333333333333,1.0,0.15384615384615385
0.05,0.9490196078431372,0.15384615384615385,0.5,0.23529411764705882
0.05,0.9517543859649122,0.0,0.0,0.0
0.05,0.9512195121951219,0.16666666666666666,0.5,0.25
0.05,0.9475806451612904,0.08333333333333333,0.3333333333333333,0.13333333333333333
0.05,0.951417004048583,0.0,0.0,0.0
0.05,0.946360153256705,0.15384615384615385,0.4,0.2222222222222222
0.05,0.9457364341085271,0.07692307692307693,0.3333333333333333,0.125
0.05,0.9471544715447154,0.0,0.0,0.0
0.05,0.9387755102040817,0.0,0.0,0.0
0.05,0.9525691699604744,0.15384615384615385,0.6666666666666666,0.25
0.05,0.95,0.15384615384615385,0.5,0.23529411764705882
0.05,0.9439655172413793,0.08333333333333333,0.3333333333333333,0.13333333333333333
0.05,0.9465648854961832,0.0,0.0,0.0
0.05,0.9588477366255144,0.25,0.75,0.375
0.05,0.9512195121951219,0.16666666666666666,0.5,0.25
0.05,0.9458333333333333,0.08333333333333333,0.3333333333333333,0.13333333333333333
0.05,0.948051948051948,0.08333333333333333,0.5,0.14285714285714285
0.05,0.9539748953974896,0.08333333333333333,1.0,0.15384615384615385
0.05,0.9512195121951219,0.16666666666666666,0.5,0.25
0.05,0.95,0.16666666666666666,0.5,0.25
0.05,0.948051948051948,0.16666666666666666,0.5,0.25
0.05,0.9428571428571428,0.0,0.0,0.0
0.1,0.9043824701195219,0.08,0.6666666666666666,0.14285714285714285
0.1,0.9132231404958677,0.16666666666666666,0.8,0.27586206896551724
0.1,0.9102040816326531,0.12,1.0,0.21428571428571425
0.1,0.8972332015810277,0.04,0.3333333333333333,0.07142857142857142
0.1,0.9110169491525424,0.125,1.0,0.2222222222222222
0.1,0.9,0.08,0.5,0.13793103448275865
0.1,0.9020408163265307,0.04,1.0,0.07692307692307693
0.1,0.8936170212765957,0.041666666666666664,0.3333333333333333,0.07407407407407407
0.1,0.9051383399209486,0.12,0.6,0.19999999999999998
0.1,0.8945147679324894,0.0,0.0,0.0
0.1,0.9057377049180327,0.08333333333333333,0.6666666666666666,0.14814814814814814
0.1,0.8898305084745762,0.0,0.0,0.0
0.1,0.9163346613545816,0.16,1.0,0.2758620689655173
0.1,0.8943089430894309,0.0,0.0,0.0
0.1,0.8972332015810277,0.04,0.3333333333333333,0.07142857142857142
0.1,0.9043824701195219,0.08,0.6666666666666666,0.14285714285714285
0.1,0.8914728682170543,0.038461538461538464,0.25,0.06666666666666668
0.1,0.9017094017094017,0.043478260869565216,0.5,0.08
0.1,0.891213389121339,0.0,0.0,0.0
0.1,0.8983739837398373,0.04,0.5,0.07407407407407407
0.1,0.9057377049180327,0.125,0.6,0.20689655172413793
0.1,0.9041666666666667,0.08333333333333333,0.6666666666666666,0.14814814814814814
0.1,0.8986784140969163,0.08695652173913043,0.5,0.14814814814814817
0.1,0.8943089430894309,0.08,0.4,0.13333333333333333
0.1,0.9139344262295082,0.125,1.0,0.2222222222222222
0.1,0.9004329004329005,0.043478260869565216,0.5,0.08
0.1,0.9083969465648855,0.11538461538461539,0.75,0.19999999999999998
0.1,0.8835341365461847,0.0,0.0,0.0
0.1,0.900398406374502,0.08,0.5,0.13793103448275865
0.1,0.9004329004329005,0.0,0.0,0.0
0.1,0.8916666666666667,0.0,0.0,0.0
0.1,0.9,0.08,0.5,0.13793103448275865
0.1,0.8966942148760331,0.08333333333333333,0.4,0.13793103448275862
0.1,0.9057377049180327,0.08333333333333333,0.6666666666666666,0.14814814814814814
0.1,0.895397489539749,0.041666666666666664,0.3333333333333333,0.07407407407407407
0.1,0.8996138996138996,0.0,0.0,0.0
0.1,0.9102040816326531,0.16,0.8,0.26666666666666666
0.1,0.9098712446351931,0.17391304347826086,0.6666666666666666,0.27586206896551724
0.1,0.9039301310043668,0.08695652173913043,0.6666666666666666,0.15384615384615383
0.1,0.9122807017543859,0.17391304347826086,0.8,0.2857142857142857
0.1,0.9015748031496063,0.08,0.5,0.13793103448275865
0.1,0.9027237354085603,0.07692307692307693,0.6666666666666666,0.13793103448275862
0.1,0.8979591836734694,0.04,0.5,0.07407407407407407
0.1,0.9063829787234042,0.125,0.75,0.21428571428571427
0.1,0.9037656903765691,0.041666666666666664,1.0,0.07999999999999999
0.1,0.8947368421052632,0.08,0.4,0.13333333333333333
0.1,0.896,0.04,0.3333333333333333,0.07142857142857142
0.1,0.902834008097166,0.08,0.6666666666666666,0.14285714285714285
0.1,0.9098712446351931,0.13043478260869565,0.75,0.22222222222222218
0.1,0.8940677966101694,0.0,0.0,0.0
0.1,0.8917748917748918,0.0,0.0,0.0
0.1,0.9061224489795918,0.16,0.6666666666666666,0.25806451612903225
0.1,0.9011857707509882,0.04,0.5,0.07407407407407407
0.1,0.8934426229508197,0.041666666666666664,0.25,0.07142857142857142
0.1,0.9033613445378151,0.08333333333333333,0.6666666666666666,0.14814814814814814
0.1,0.8934426229508197,0.041666666666666664,0.25,0.07142857142857142
0.1,0.9020408163265307,0.08,0.6666666666666666,0.14285714285714285
0.1,0.9053497942386831,0.041666666666666664,1.0,0.07999999999999999
0.1,0.9015748031496063,0.08,0.5,0.13793103448275865
0.1,0.9041666666666667,0.08333333333333333,0.6666666666666666,0.14814814814814814
0.1,0.8860759493670886,0.0,0.0,0.0
0.1,0.9045643153526971,0.125,0.6,0.20689655172413793
0.1,0.907258064516129,0.08,1.0,0.14814814814814814
0.1,0.9102564102564102,0.17391304347826086,0.6666666666666666,0.27586206896551724
0.1,0.9043824701195219,0.04,1.0,0.07692307692307693
0.1,0.9061224489795918,0.08,1.0,0.14814814814814814
0.1,0.895397489539749,0.041666666666666664,0.3333333333333333,0.07407407407407407
0.1,0.8906882591093117,0.0,0.0,0.0
0.1,0.9019607843137255,0.07692307692307693,0.6666666666666666,0.13793103448275862
0.1,0.905982905982906,0.17391304347826086,0.5714285714285714,0.26666666666666666
0.1,0.9128630705394191,0.125,1.0,0.2222222222222222
0.1,0.900398406374502,0.08,0.5,0.13793103448275865
0.1,0.9156118143459916,0.20833333333333334,0.8333333333333334,0.33333333333333337
0.1,0.9094488188976378,0.12,0.75,0.20689655172413793
0.1,0.8932806324110671,0.04,0.25,0.06896551724137932
0.1,0.8861788617886179,0.0,0.0,0.0
0.1,0.8984962406015038,0.07407407407407407,0.5,0.12903225806451613
0.1,0.902127659574468,0.041666666666666664,1.0,0.07999999999999999
0.1,0.8980392156862745,0.07692307692307693,0.5,0.13333333333333336
0.1,0.8991228070175439,0.0,0.0,0.0
0.1,0.8983739837398373,0.08,0.5,0.13793103448275865
0.1,0.8951612903225806,0.04,0.3333333333333333,0.07142857142857142
0.1,0.8987854251012146,0.0,0.0,0.0
0.1,0.9042145593869731,0.11538461538461539,0.6,0.1935483870967742
0.1,0.8953488372093024,0.038461538461538464,0.3333333333333333,0.06896551724137931
0.1,0.8943089430894309,0.0,0.0,0.0
0.1,0.8857142857142857,0.0,0.0,0.0
0.1,0.9130434782608695,0.12,1.0,0.21428571428571425
0.1,0.9076923076923077,0.11538461538461539,0.75,0.19999999999999998
0.1,0.896551724137931,0.043478260869565216,0.3333333333333333,0.07692307692307691
0.1,0.9045801526717557,0.038461538461538464,1.0,0.07407407407407407
0.1,0.9094650205761317,0.125,0.75,0.21428571428571427
0.1,0.8983739837398373,0.08,0.5,0.13793103448275865
0.1,0.8958333333333334,0.041666666666666664,0.3333333333333333,0.07407407407407407
0.1,0.9004329004329005,0.043478260869565216,0.5,0.08
0.1,0.9037656903765691,0.041666666666666664,1.0,0.07999999999999999
0.1,0.9146341463414634,0.16,1.0,0.2758620689655173
0.1,0.9083333333333333,0.125,0.75,0.21428571428571427
0.1,0.9004329004329005,0.08695652173913043,0.5,0.14814814814814817
0.1,0.8979591836734694,0.04,0.5,0.07407407407407407
0.15,0.852589641434263,0.05263157894736842,0.6666666666666666,0.09756097560975609
0.15,0.8636363636363636,0.1111111111111111,0.8,0.19512195121951217
0.15,0.8612244897959184,0.08108108108108109,1.0,0.15
0.15,0.8616600790513834,0.07894736842105263,1.0,0.14634146341463414
0.15,0.864406779661017,0.08571428571428572,1.0,0.15789473684210528
0.15,0.856,0.07894736842105263,0.75,0.14285714285714285
0.15,0.8530612244897959,0.02702702702702703,1.0,0.052631578947368425
0.15,0.8553191489361702,0.05714285714285714,0.6666666666666666,0.10526315789473684
0.15,0.8537549407114624,0.07894736842105263,0.6,0.1395348837209302
0.15,0.8523206751054853,0.027777777777777776,1.0,0.05405405405405406
0.15,0.860655737704918,0.08108108108108109,1.0,0.15
0.15,0.8516949152542372,0.02857142857142857,0.5,0.05405405405405405
0.15,0.8645418326693227,0.10526315789473684,1.0,0.1904761904761905
0.15,0.8455284552845529,0.0,0.0,0.0
0.15,0.8537549407114624,0.05263157894736842,0.6666666666666666,0.09756097560975609
0.15,0.852589641434263,0.05263157894736842,0.6666666666666666,0.09756097560975609
0.15,0.8565891472868217,0.07692307692307693,0.75,0.13953488372093026
0.15,0.8504273504273504,0.02857142857142857,0.5,0.05405405405405405
0.15,0.8577405857740585,0.05555555555555555,1.0,0.10526315789473684
0.15,0.8495934959349594,0.02702702702702703,0.5,0.05128205128205129
0.15,0.860655737704918,0.10810810810810811,0.8,0.19047619047619047
0.15,0.8541666666666666,0.05555555555555555,0.6666666666666666,0.10256410256410256
0.15,0.8502202643171806,0.058823529411764705,0.5,0.10526315789473684
0.15,0.8536585365853658,0.08108108108108109,0.6,0.14285714285714288
0.15,0.860655737704918,0.08108108108108109,1.0,0.15
0.15,0.8484848484848485,0.02857142857142857,0.5,0.05405405405405405
0.15,0.8664122137404581,0.10256410256410256,1.0,0.18604651162790695
0.15,0.8514056224899599,0.05405405405405406,0.5,0.0975609756097561
0.15,0.8565737051792829,0.07894736842105263,0.75,0.14285714285714285
0.15,0.8484848484848485,0.0,0.0,0.0
0.15,0.85,0.027777777777777776,0.5,0.05263157894736842
0.15,0.848,0.05263157894736842,0.5,0.09523809523809525
0.15,0.8636363636363636,0.1111111111111111,0.8,0.19512195121951217
0.15,0.8524590163934426,0.05405405405405406,0.6666666666666666,0.1
0.15,0.8451882845188284,0.027777777777777776,0.3333333333333333,0.05128205128205128
0.15,0.8494208494208494,0.0,0.0,0.0
0.15,0.8693877551020408,0.13513513513513514,1.0,0.2380952380952381
0.15,0.8669527896995708,0.14285714285714285,0.8333333333333334,0.2439024390243902
0.15,0.8558951965065502,0.058823529411764705,0.6666666666666666,0.10810810810810811
0.15,0.8728070175438597,0.14705882352941177,1.0,0.25641025641025644
0.15,0.8582677165354331,0.07894736842105263,0.75,0.14285714285714285
0.15,0.8599221789883269,0.07692307692307693,1.0,0.14285714285714288
0.15,0.8571428571428571,0.05405405405405406,1.0,0.10256410256410257
0.15,0.8595744680851064,0.08571428571428572,0.75,0.15384615384615383
0.15,0.8535564853556485,0.027777777777777776,1.0,0.05405405405405406
0.15,0.854251012145749,0.08108108108108109,0.6,0.14285714285714288
0.15,0.852,0.05263157894736842,0.6666666666666666,0.09756097560975609
0.15,0.8623481781376519,0.08108108108108109,1.0,0.15
0.15,0.8669527896995708,0.11428571428571428,1.0,0.20512820512820512
0.15,0.8559322033898306,0.02857142857142857,1.0,0.05555555555555556
0.15,0.8398268398268398,0.0,0.0,0.0
0.15,0.8653061224489796,0.13513513513513514,0.8333333333333334,0.23255813953488372
0.15,0.857707509881423,0.05263157894736842,1.0,0.1
0.15,0.8483606557377049,0.05405405405405406,0.5,0.0975609756097561
0.15,0.8529411764705882,0.05555555555555555,0.6666666666666666,0.10256410256410256
0.15,0.8565573770491803,0.08108108108108109,0.75,0.14634146341463414
0.15,0.8530612244897959,0.05405405405405406,0.6666666666666666,0.1
0.15,0.8559670781893004,0.027777777777777776,1.0,0.05405405405405406
0.15,0.8582677165354331,0.07894736842105263,0.75,0.14285714285714285
0.15,0.8541666666666666,0.05555555555555555,0.6666666666666666,0.10256410256410256
0.15,0.8438818565400844,0.027777777777777776,0.3333333333333333,0.05128205128205128
0.15,0.8713692946058091,0.1388888888888889,1.0,0.24390243902439027
0.15,0.8588709677419355,0.05405405405405406,1.0,0.10256410256410257
0.15,0.8589743589743589,0.11428571428571428,0.6666666666666666,0.19512195121951217
0.15,0.852589641434263,0.02631578947368421,1.0,0.05128205128205127
0.15,0.8571428571428571,0.05405405405405406,1.0,0.10256410256410257
0.15,0.8535564853556485,0.05555555555555555,0.6666666666666666,0.10256410256410256
0.15,0.8502024291497976,0.02702702702702703,0.5,0.05128205128205129
0.15,0.8627450980392157,0.07894736842105263,1.0,0.14634146341463414
0.15,0.8632478632478633,0.14285714285714285,0.7142857142857143,0.23809523809523808
0.15,0.8630705394190872,0.08333333333333333,1.0,0.15384615384615385
0.15,0.8565737051792829,0.07894736842105263,0.75,0.14285714285714285
0.15,0.8649789029535865,0.1388888888888889,0.8333333333333334,0.2380952380952381
0.15,0.8661417322834646,0.10526315789473684,1.0,0.1904761904761905
0.15,0.849802371541502,0.05263157894736842,0.5,0.09523809523809525
0.15,0.8536585365853658,0.05405405405405406,0.6666666666666666,0.1
0.15,0.8571428571428571,0.075,0.75,0.13636363636363635
0.15,0.8553191489361702,0.02857142857142857,1.0,0.05555555555555556
0.15,0.8509803921568627,0.05263157894736842,0.5,0.09523809523809525
0.15,0.8508771929824561,0.0,0.0,0.0
0.15,0.8577235772357723,0.08108108108108109,0.75,0.14634146341463414
0.15,0.8548387096774194,0.05405405405405406,0.6666666666666666,0.1
0.15,0.8502024291497976,0.0,0.0,0.0
0.15,0.8544061302681992,0.07692307692307693,0.6,0.13636363636363635
0.15,0.8527131782945736,0.05128205128205128,0.6666666666666666,0.09523809523809523
0.15,0.8455284552845529,0.0,0.0,0.0
0.15,0.8448979591836735,0.02702702702702703,0.3333333333333333,0.05
0.15,0.8616600790513834,0.07894736842105263,1.0,0.14634146341463414
0.15,0.8576923076923076,0.07692307692307693,0.75,0.13953488372093026
0.15,0.8620689655172413,0.08571428571428572,1.0,0.15789473684210528
0.15,0.8549618320610687,0.02564102564102564,1.0,0.05
0.15,0.8600823045267489,0.08333333333333333,0.75,0.15
0.15,0.8577235772357723,0.08108108108108109,0.75,0.14634146341463414
0.15,0.8541666666666666,0.05555555555555555,0.6666666666666666,0.10256410256410256
0.15,0.8484848484848485,0.02857142857142857,0.5,0.05405405405405405
0.15,0.8535564853556485,0.027777777777777776,1.0,0.05405405405405406
0.15,0.8658536585365854,0.10810810810810811,1.0,0.1951219512195122
0.15,0.8666666666666667,0.1111111111111111,1.0,0.19999999999999998
0.15,0.8484848484848485,0.05714285714285714,0.5,0.10256410256410256
0.15,0.8571428571428571,0.05405405405405406,1.0,0.10256410256410257
0.2,0.8047808764940239,0.04,0.6666666666666666,0.07547169811320754
0.2,0.8140495867768595,0.08333333333333333,0.8,0.1509433962264151
0.2,0.8122448979591836,0.061224489795918366,1.0,0.11538461538461538
0.2,0.8102766798418972,0.058823529411764705,1.0,0.1111111111111111
0.2,0.8135593220338984,0.06382978723404255,1.0,0.12
0.2,0.808,0.06,0.75,0.1111111111111111
0.2,0.8040816326530612,0.02040816326530612,1.0,0.039999999999999994
0.2,0.8042553191489362,0.0425531914893617,0.6666666666666666,0.08
0.2,0.8023715415019763,0.058823529411764705,0.6,0.10714285714285714
0.2,0.8059071729957806,0.02127659574468085,1.0,0.04166666666666667
0.2,0.8114754098360656,0.061224489795918366,1.0,0.11538461538461538
0.2,0.8008474576271186,0.02127659574468085,0.5,0.04081632653061224
0.2,0.8167330677290837,0.08,1.0,0.14814814814814814
0.2,0.7967479674796748,0.0,0.0,0.0
0.2,0.8023715415019763,0.0392156862745098,0.6666666666666666,0.07407407407407407
0.2,0.8047808764940239,0.04,0.6666666666666666,0.07547169811320754
0.2,0.8062015503875969,0.057692307692307696,0.75,0.10714285714285714
0.2,0.7991452991452992,0.02127659574468085,0.5,0.04081632653061224
0.2,0.8075313807531381,0.041666666666666664,1.0,0.07999999999999999
0.2,0.8008130081300813,0.02040816326530612,0.5,0.039215686274509796
0.2,0.8114754098360656,0.08163265306122448,0.8,0.1481481481481481
0.2,0.8041666666666667,0.041666666666666664,0.6666666666666666,0.0784313725490196
0.2,0.801762114537445,0.044444444444444446,0.5,0.0816326530612245
0.2,0.8048780487804879,0.061224489795918366,0.6,0.1111111111111111
0.2,0.8114754098360656,0.061224489795918366,1.0,0.11538461538461538
0.2,0.8008658008658008,0.021739130434782608,0.5,0.041666666666666664
0.2,0.816793893129771,0.07692307692307693,1.0,0.14285714285714288
0.2,0.7991967871485943,0.04,0.5,0.07407407407407407
0.2,0.8087649402390438,0.06,0.75,0.1111111111111111
0.2,0.8008658008658008,0.0,0.0,0.0
0.2,0.8,0.020833333333333332,0.5,0.039999999999999994
0.2,0.8,0.04,0.5,0.07407407407407407
0.2,0.8140495867768595,0.08333333333333333,0.8,0.1509433962264151
0.2,0.8032786885245902,0.04081632653061224,0.6666666666666666,0.07692307692307691
0.2,0.7949790794979079,0.020833333333333332,0.3333333333333333,0.0392156862745098
0.2,0.7992277992277992,0.0,0.0,0.0
0.2,0.8204081632653061,0.10204081632653061,1.0,0.1851851851851852
0.2,0.8154506437768241,0.10638297872340426,0.8333333333333334,0.18867924528301885
0.2,0.8034934497816594,0.043478260869565216,0.6666666666666666,0.08163265306122448
0.2,0.8201754385964912,0.10869565217391304,1.0,0.19607843137254902
0.2,0.8070866141732284,0.058823529411764705,0.75,0.10909090909090909
0.2,0.8132295719844358,0.058823529411764705,1.0,0.1111111111111111
0.2,0.8081632653061225,0.04081632653061224,1.0,0.07843137254901959
0.2,0.8085106382978723,0.06382978723404255,0.75,0.11764705882352941
0.2,0.803347280334728,0.020833333333333332,1.0,0.04081632653061225
0.2,0.805668016194332,0.061224489795918366,0.6,0.1111111111111111
0.2,0.804,0.04,0.6666666666666666,0.07547169811320754
0.2,0.8137651821862348,0.061224489795918366,1.0,0.11538461538461538
0.2,0.8154506437768241,0.0851063829787234,1.0,0.1568627450980392
0.2,0.8050847457627118,0.02127659574468085,1.0,0.04166666666666667
0.2,0.7922077922077922,0.0,0.0,0.0
0.2,0.8163265306122449,0.10204081632653061,0.8333333333333334,0.18181818181818182
0.2,0.8063241106719368,0.0392156862745098,1.0,0.07547169811320754
0.2,0.7991803278688525,0.04081632653061224,0.5,0.07547169811320753
0.2,0.8025210084033614,0.041666666666666664,0.6666666666666666,0.0784313725490196
0.2,0.8073770491803278,0.061224489795918366,0.75,0.11320754716981131
0.2,0.8040816326530612,0.04081632653061224,0.6666666666666666,0.07692307692307691
0.2,0.8024691358024691,0.02040816326530612,1.0,0.039999999999999994
0.2,0.8070866141732284,0.058823529411764705,0.75,0.10909090909090909
0.2,0.8041666666666667,0.041666666666666664,0.6666666666666666,0.0784313725490196
0.2,0.7974683544303798,0.02127659574468085,0.3333333333333333,0.04
0.2,0.8215767634854771,0.10416666666666667,1.0,0.18867924528301885
0.2,0.8064516129032258,0.04,1.0,0.07692307692307693
0.2,0.8076923076923077,0.0851063829787234,0.6666666666666666,0.1509433962264151
0.2,0.8047808764940239,0.02,1.0,0.0392156862745098
0.2,0.8081632653061225,0.04081632653061224,1.0,0.07843137254901959
0.2,0.803347280334728,0.041666666666666664,0.6666666666666666,0.0784313725490196
0.2,0.8016194331983806,0.02040816326530612,0.5,0.039215686274509796
0.2,0.8117647058823529,0.058823529411764705,1.0,0.1111111111111111
0.2,0.811965811965812,0.10638297872340426,0.7142857142857143,0.18518518518518517
0.2,0.8132780082987552,0.0625,1.0,0.11764705882352941
0.2,0.8087649402390438,0.06,0.75,0.1111111111111111
0.2,0.8185654008438819,0.10638297872340426,0.8333333333333334,0.18867924528301885
0.2,0.8149606299212598,0.0784313725490196,1.0,0.14545454545454545
0.2,0.7984189723320159,0.0392156862745098,0.5,0.07272727272727272
0.2,0.8048780487804879,0.04081632653061224,0.6666666666666666,0.07692307692307691
0.2,0.8082706766917294,0.05660377358490566,0.75,0.10526315789473685
0.2,0.8042553191489362,0.02127659574468085,1.0,0.04166666666666667
0.2,0.8,0.0392156862745098,0.5,0.07272727272727272
0.2,0.7982456140350878,0.0,0.0,0.0
0.2,0.8089430894308943,0.061224489795918366,0.75,0.11320754716981131
0.2,0.8024193548387096,0.04,0.6666666666666666,0.07547169811320754
0.2,0.8016194331983806,0.0,0.0,0.0
0.2,0.8045977011494253,0.057692307692307696,0.6,0.10526315789473685
0.2,0.8023255813953488,0.038461538461538464,0.6666666666666666,0.07272727272727274
0.2,0.7967479674796748,0.0,0.0,0.0
0.2,0.7959183673469388,0.02040816326530612,0.3333333333333333,0.03846153846153846
0.2,0.8102766798418972,0.058823529411764705,1.0,0.1111111111111111
0.2,0.8153846153846154,0.07692307692307693,1.0,0.14285714285714288
0.2,0.8146551724137931,0.06521739130434782,1.0,0.12244897959183672
0.2,0.8053435114503816,0.019230769230769232,1.0,0.03773584905660378
0.2,0.8065843621399177,0.061224489795918366,0.75,0.11320754716981131
0.2,0.8089430894308943,0.061224489795918366,0.75,0.11320754716981131
0.2,0.8041666666666667,0.041666666666666664,0.6666666666666666,0.0784313725490196
0.2,0.8008658008658008,0.021739130434782608,0.5,0.041666666666666664
0.2,0.803347280334728,0.020833333333333332,1.0,0.04081632653061225
0.2,0.8170731707317073,0.08163265306122448,1.0,0.15094339622641506
0.2,0.8166666666666667,0.08333333333333333,1.0,0.15384615384615385
0.2,0.8008658008658008,0.043478260869565216,0.5,0.08
0.2,0.8081632653061225,0.04081632653061224,1.0,0.07843137254901959
0.25,0.7529880478087649,0.031746031746031744,0.6666666666666666,0.06060606060606061
0.25,0.7603305785123967,0.06557377049180328,0.8,0.12121212121212123
0.25,0.763265306122449,0.04918032786885246,1.0,0.09375
0.25,0.7628458498023716,0.047619047619047616,1.0,0.0909090909090909
0.25,0.7627118644067796,0.05084745762711865,1.0,0.0967741935483871
0.25,0.756,0.047619047619047616,0.75,0.08955223880597014
0.25,0.7551020408163265,0.01639344262295082,1.0,0.03225806451612903
0.25,0.7531914893617021,0.03389830508474576,0.6666666666666666,0.06451612903225806
0.25,0.7549407114624506,0.047619047619047616,0.6,0.08823529411764705
0.25,0.7552742616033755,0.01694915254237288,1.0,0.03333333333333333
0.25,0.7622950819672131,0.04918032786885246,1.0,0.09375
0.25,0.75,0.01694915254237288,0.5,0.03278688524590164
0.25,0.7649402390438247,0.06349206349206349,1.0,0.11940298507462686
0.25,0.7439024390243902,0.0,0.0,0.0
0.25,0.7549407114624506,0.031746031746031744,0.6666666666666666,0.06060606060606061
0.25,0.7529880478087649,0.031746031746031744,0.6666666666666666,0.06060606060606061
0.25,0.7558139534883721,0.046153846153846156,0.75,0.08695652173913043
0.25,0.7564102564102564,0.03389830508474576,1.0,0.06557377049180328
0.25,0.7573221757322176,0.03333333333333333,1.0,0.06451612903225806
0.25,0.7479674796747967,0.016129032258064516,0.5,0.03125
0.25,0.7622950819672131,0.06557377049180328,0.8,0.12121212121212123
0.25,0.7541666666666667,0.03333333333333333,0.6666666666666666,0.06349206349206349
0.25,0.748898678414097,0.03508771929824561,0.5,0.06557377049180328
0.25,0.7520325203252033,0.04838709677419355,0.6,0.08955223880597016
0.25,0.7622950819672131,0.04918032786885246,1.0,0.09375
0.25,0.7489177489177489,0.017241379310344827,0.5,0.03333333333333333
0.25,0.7633587786259542,0.06060606060606061,1.0,0.1142857142857143
0.25,0.751004016064257,0.03225806451612903,0.5,0.06060606060606061
0.25,0.7569721115537849,0.047619047619047616,0.75,0.08955223880597014
0.25,0.7489177489177489,0.0,0.0,0.0
0.25,0.75,0.016666666666666666,0.5,0.03225806451612903
0.25,0.748,0.031746031746031744,0.5,0.05970149253731343
0.25,0.768595041322314,0.08196721311475409,1.0,0.1515151515151515
0.25,0.7622950819672131,0.04918032786885246,1.0,0.09375
0.25,0.7447698744769874,0.016666666666666666,0.3333333333333333,0.031746031746031744
0.25,0.749034749034749,0.0,0.0,0.0
0.25,0.7714285714285715,0.08196721311475409,1.0,0.1515151515151515
0.25,0.7682403433476395,0.08620689655172414,0.8333333333333334,0.15625000000000003
0.25,0.7554585152838428,0.03508771929824561,0.6666666666666666,0.06666666666666667
0.25,0.7719298245614035,0.08771929824561403,1.0,0.16129032258064516
0.25,0.7559055118110236,0.046875,0.75,0.08823529411764706
0.25,0.7626459143968871,0.046875,1.0,0.08955223880597014
0.25,0.7591836734693878,0.03278688524590164,1.0,0.06349206349206349
0.25,0.7574468085106383,0.05084745762711865,0.75,0.09523809523809525
0.25,0.7531380753138075,0.016666666666666666,1.0,0.03278688524590164
0.25,0.7611336032388664,0.06451612903225806,0.8,0.11940298507462686
0.25,0.752,0.031746031746031744,0.6666666666666666,0.06060606060606061
0.25,0.7611336032388664,0.04838709677419355,1.0,0.09230769230769231
0.25,0.7682403433476395,0.06896551724137931,1.0,0.12903225806451613
0.25,0.7542372881355932,0.01694915254237288,1.0,0.03333333333333333
0.25,0.7489177489177489,0.017241379310344827,0.5,0.03333333333333333
0.25,0.7673469387755102,0.08196721311475409,0.8333333333333334,0.14925373134328357
0.25,0.758893280632411,0.031746031746031744,1.0,0.06153846153846154
0.25,0.75,0.03278688524590164,0.5,0.061538461538461535
0.25,0.7521008403361344,0.03333333333333333,0.6666666666666666,0.06349206349206349
0.25,0.7663934426229508,0.06557377049180328,1.0,0.12307692307692307
0.25,0.7551020408163265,0.03278688524590164,0.6666666666666666,0.0625
0.25,0.7530864197530864,0.01639344262295082,1.0,0.03225806451612903
0.25,0.7559055118110236,0.046875,0.75,0.08823529411764706
0.25,0.7541666666666667,0.03333333333333333,0.6666666666666666,0.06349206349206349
0.25,0.7468354430379747,0.01694915254237288,0.3333333333333333,0.03225806451612903
0.25,0.7717842323651453,0.08333333333333333,1.0,0.15384615384615385
0.25,0.7580645161290323,0.03225806451612903,1.0,0.0625
0.25,0.7564102564102564,0.06779661016949153,0.6666666666666666,0.12307692307692307
0.25,0.7529880478087649,0.015873015873015872,1.0,0.03125
0.25,0.7591836734693878,0.03278688524590164,1.0,0.06349206349206349
0.25,0.7531380753138075,0.03333333333333333,0.6666666666666666,0.06349206349206349
0.25,0.7489878542510121,0.016129032258064516,0.5,0.03125
0.25,0.7607843137254902,0.046875,1.0,0.08955223880597014
0.25,0.7606837606837606,0.0847457627118644,0.7142857142857143,0.15151515151515152
0.25,0.7634854771784232,0.05,1.0,0.09523809523809523
0.25,0.7569721115537849,0.047619047619047616,0.75,0.08955223880597014
0.25,0.7763713080168776,0.1016949152542373,1.0,0.18461538461538463
0.25,0.7637795275590551,0.0625,1.0,0.11764705882352941
0.25,0.758893280632411,0.047619047619047616,0.75,0.08955223880597014
0.25,0.7601626016260162,0.04838709677419355,1.0,0.09230769230769231
0.25,0.7556390977443609,0.04477611940298507,0.75,0.08450704225352113
0.25,0.7531914893617021,0.01694915254237288,1.0,0.03333333333333333
0.25,0.7490196078431373,0.03125,0.5,0.058823529411764705
0.25,0.75,0.0,0.0,0.0
0.25,0.7560975609756098,0.04838709677419355,0.75,0.0909090909090909
0.25,0.7540322580645161,0.03225806451612903,0.6666666666666666,0.06153846153846154
0.25,0.7489878542510121,0.0,0.0,0.0
0.25,0.7547892720306514,0.046153846153846156,0.6,0.08571428571428573
0.25,0.751937984496124,0.03076923076923077,0.6666666666666666,0.05882352941176471
0.25,0.7439024390243902,0.0,0.0,0.0
0.25,0.746938775510204,0.01639344262295082,0.3333333333333333,0.03125
0.25,0.7628458498023716,0.047619047619047616,1.0,0.0909090909090909
0.25,0.7653846153846153,0.06153846153846154,1.0,0.11594202898550725
0.25,0.7629310344827587,0.05172413793103448,1.0,0.09836065573770492
0.25,0.7519083969465649,0.015151515151515152,1.0,0.02985074626865672
0.25,0.757201646090535,0.04918032786885246,0.75,0.0923076923076923
0.25,0.7560975609756098,0.04838709677419355,0.75,0.0909090909090909
0.25,0.7541666666666667,0.03333333333333333,0.6666666666666666,0.06349206349206349
0.25,0.7489177489177489,0.017241379310344827,0.5,0.03333333333333333
0.25,0.7531380753138075,0.016666666666666666,1.0,0.03278688524590164
0.25,0.7642276422764228,0.06451612903225806,1.0,0.12121212121212122
0.25,0.7666666666666667,0.06666666666666667,1.0,0.125
0.25,0.7575757575757576,0.05172413793103448,0.75,0.0967741935483871
0.25,0.7591836734693878,0.03278688524590164,1.0,0.06349206349206349
0.3,0.7051792828685259,0.02666666666666667,0.6666666666666666,0.05128205128205129
0.3,0.7107438016528925,0.0547945205479452,0.8,0.10256410256410256
0.3,0.710204081632653,0.04054054054054054,1.0,0.07792207792207792
0.3,0.7114624505928854,0.039473684210526314,1.0,0.07594936708860758
0.3,0.711864406779661,0.04225352112676056,1.0,0.08108108108108109
0.3,0.708,0.04,0.75,0.07594936708860758
0.3,0.7020408163265306,0.013513513513513514,1.0,0.026666666666666665
0.3,0.7106382978723405,0.04225352112676056,1.0,0.08108108108108109
0.3,0.7114624505928854,0.05263157894736842,0.8,0.09876543209876543
0.3,0.7046413502109705,0.014084507042253521,1.0,0.02777777777777778
0.3,0.7131147540983607,0.0410958904109589,1.0,0.07894736842105263
0.3,0.6991525423728814,0.014084507042253521,0.5,0.027397260273972605
0.3,0.7171314741035857,0.05333333333333334,1.0,0.10126582278481014
0.3,0.6951219512195121,0.0,0.0,0.0
0.3,0.7035573122529645,0.02631578947368421,0.6666666666666666,0.05063291139240506
0.3,0.7051792828685259,0.02666666666666667,0.6666666666666666,0.05128205128205129
0.3,0.7170542635658915,0.05194805194805195,1.0,0.09876543209876544
0.3,0.7094017094017094,0.02857142857142857,1.0,0.05555555555555556
0.3,0.7071129707112971,0.027777777777777776,1.0,0.05405405405405406
0.3,0.6991869918699187,0.013513513513513514,0.5,0.026315789473684213
0.3,0.7131147540983607,0.0547945205479452,0.8,0.10256410256410256
0.3,0.7041666666666667,0.027777777777777776,0.6666666666666666,0.05333333333333333
0.3,0.7092511013215859,0.04411764705882353,0.75,0.08333333333333334
0.3,0.7113821138211383,0.05405405405405406,0.8,0.10126582278481013
0.3,0.7131147540983607,0.0410958904109589,1.0,0.07894736842105263
0.3,0.7012987012987013,0.014492753623188406,0.5,0.028169014084507046
0.3,0.7137404580152672,0.05063291139240506,1.0,0.09638554216867469
0.3,0.7068273092369478,0.04,0.75,0.07594936708860758
0.3,0.7171314741035857,0.05333333333333334,1.0,0.10126582278481014
0.3,0.7012987012987013,0.0,0.0,0.0
0.3,0.7083333333333334,0.027777777777777776,1.0,0.05405405405405406
0.3,0.708,0.04,0.75,0.07594936708860758
0.3,0.71900826446281,0.0684931506849315,1.0,0.1282051282051282
0.3,0.7131147540983607,0.0410958904109589,1.0,0.07894736842105263
0.3,0.702928870292887,0.027777777777777776,0.6666666666666666,0.05333333333333333
0.3,0.6988416988416989,0.0,0.0,0.0
0.3,0.7183673469387755,0.06756756756756757,1.0,0.12658227848101267
0.3,0.7253218884120172,0.08571428571428572,1.0,0.15789473684210528
0.3,0.7030567685589519,0.028985507246376812,0.6666666666666666,0.05555555555555555
0.3,0.7236842105263158,0.07352941176470588,1.0,0.13698630136986303
0.3,0.7086614173228346,0.039473684210526314,0.75,0.075
0.3,0.7120622568093385,0.03896103896103896,1.0,0.07500000000000001
0.3,0.7061224489795919,0.02702702702702703,1.0,0.052631578947368425
0.3,0.7063829787234043,0.04225352112676056,0.75,0.08
0.3,0.702928870292887,0.013888888888888888,1.0,0.0273972602739726
0.3,0.7125506072874493,0.05405405405405406,0.8,0.10126582278481013
0.3,0.704,0.02666666666666667,0.6666666666666666,0.05128205128205129
0.3,0.7125506072874493,0.04054054054054054,1.0,0.07792207792207792
0.3,0.7167381974248928,0.05714285714285714,1.0,0.1081081081081081
0.3,0.7033898305084746,0.014084507042253521,1.0,0.02777777777777778
0.3,0.7012987012987013,0.014492753623188406,0.5,0.028169014084507046
0.3,0.7224489795918367,0.08108108108108109,1.0,0.15
0.3,0.7075098814229249,0.02631578947368421,1.0,0.05128205128205127
0.3,0.7090163934426229,0.0410958904109589,0.75,0.07792207792207792
0.3,0.7058823529411765,0.028169014084507043,0.6666666666666666,0.054054054054054064
0.3,0.7172131147540983,0.0547945205479452,1.0,0.10389610389610389
0.3,0.7020408163265306,0.02702702702702703,0.6666666666666666,0.051948051948051945
0.3,0.7037037037037037,0.0136986301369863,1.0,0.027027027027027025
0.3,0.7165354330708661,0.05263157894736842,1.0,0.1
0.3,0.7125,0.041666666666666664,1.0,0.07999999999999999
0.3,0.7046413502109705,0.028169014084507043,0.6666666666666666,0.054054054054054064
0.3,0.7219917012448133,0.06944444444444445,1.0,0.12987012987012989
0.3,0.7096774193548387,0.02702702702702703,1.0,0.052631578947368425
0.3,0.717948717948718,0.07142857142857142,0.8333333333333334,0.13157894736842105
0.3,0.7051792828685259,0.013333333333333334,1.0,0.02631578947368421
0.3,0.7061224489795919,0.02702702702702703,1.0,0.052631578947368425
0.3,0.7112970711297071,0.041666666666666664,1.0,0.07999999999999999
0.3,0.7004048582995951,0.013513513513513514,0.5,0.026315789473684213
0.3,0.7098039215686275,0.03896103896103896,1.0,0.07500000000000001
0.3,0.7222222222222222,0.08571428571428572,0.8571428571428571,0.15584415584415584
0.3,0.7136929460580913,0.041666666666666664,1.0,0.07999999999999999
0.3,0.7171314741035857,0.05333333333333334,1.0,0.10126582278481014
0.3,0.7257383966244726,0.08450704225352113,1.0,0.15584415584415587
0.3,0.7165354330708661,0.05263157894736842,1.0,0.1
0.3,0.7075098814229249,0.039473684210526314,0.75,0.075
0.3,0.7113821138211383,0.04054054054054054,1.0,0.07792207792207792
0.3,0.706766917293233,0.0375,0.75,0.07142857142857142
0.3,0.7021276595744681,0.014084507042253521,1.0,0.02777777777777778
0.3,0.7058823529411765,0.03896103896103896,0.75,0.07407407407407407
0.3,0.7017543859649122,0.0,0.0,0.0
0.3,0.7073170731707317,0.04054054054054054,0.75,0.07692307692307693
0.3,0.7137096774193549,0.04054054054054054,1.0,0.07792207792207792
0.3,0.7004048582995951,0.0,0.0,0.0
0.3,0.7126436781609196,0.05128205128205128,0.8,0.09638554216867469
0.3,0.7054263565891473,0.025974025974025976,0.6666666666666666,0.05
0.3,0.6951219512195121,0.0,0.0,0.0
0.3,0.7020408163265306,0.02702702702702703,0.6666666666666666,0.051948051948051945
0.3,0.7114624505928854,0.039473684210526314,1.0,0.07594936708860758
0.3,0.7153846153846154,0.05128205128205128,1.0,0.09756097560975609
0.3,0.7112068965517241,0.04285714285714286,1.0,0.0821917808219178
0.3,0.7022900763358778,0.012658227848101266,1.0,0.024999999999999998
0.3,0.7078189300411523,0.0410958904109589,0.75,0.07792207792207792
0.3,0.7073170731707317,0.04054054054054054,0.75,0.07692307692307693
0.3,0.7041666666666667,0.027777777777777776,0.6666666666666666,0.05333333333333333
0.3,0.7012987012987013,0.014492753623188406,0.5,0.028169014084507046
0.3,0.702928870292887,0.013888888888888888,1.0,0.0273972602739726
0.3,0.7154471544715447,0.05405405405405406,1.0,0.10256410256410257
0.3,0.7166666666666667,0.05555555555555555,1.0,0.10526315789473684
0.3,0.70995670995671,0.043478260869565216,0.75,0.0821917808219178
0.3,0.7061224489795919,0.02702702702702703,1.0,0.052631578947368425
0.35,0.6533864541832669,0.022727272727272728,0.6666666666666666,0.04395604395604396
0.35,0.6611570247933884,0.047058823529411764,0.8,0.08888888888888889
0.35,0.6612244897959184,0.03488372093023256,1.0,0.06741573033707865
0.35,0.6600790513833992,0.033707865168539325,1.0,0.06521739130434782
0.35,0.6610169491525424,0.03614457831325301,1.0,0.06976744186046512
0.35,0.656,0.03409090909090909,0.75,0.06521739130434782
0.35,0.6530612244897959,0.011627906976744186,1.0,0.022988505747126436
0.35,0.6638297872340425,0.036585365853658534,1.0,0.07058823529411765
0.35,0.6600790513833992,0.0449438202247191,0.8,0.0851063829787234
0.35,0.6540084388185654,0.012048192771084338,1.0,0.02380952380952381
0.35,0.6639344262295082,0.03529411764705882,1.0,0.06818181818181818
0.35,0.6483050847457628,0.012048192771084338,0.5,0.023529411764705882
0.35,0.6653386454183267,0.045454545454545456,1.0,0.08695652173913045
0.35,0.6463414634146342,0.0,0.0,0.0
0.35,0.6521739130434783,0.02247191011235955,0.6666666666666666,0.043478260869565216
0.35,0.6533864541832669,0.022727272727272728,0.6666666666666666,0.04395604395604396
0.35,0.6666666666666666,0.044444444444444446,1.0,0.0851063829787234
0.35,0.6581196581196581,0.024390243902439025,1.0,0.047619047619047616
0.35,0.6569037656903766,0.023809523809523808,1.0,0.046511627906976744
0.35,0.6504065040650406,0.011627906976744186,0.5,0.022727272727272724
0.35,0.6639344262295082,0.047058823529411764,0.8,0.08888888888888889
0.35,0.6541666666666667,0.023809523809523808,0.6666666666666666,0.04597701149425287
0.35,0.6607929515418502,0.0379746835443038,0.75,0.07228915662650602
0.35,0.6626016260162602,0.046511627906976744,0.8,0.0879120879120879
0.35,0.6639344262295082,0.03529411764705882,1.0,0.06818181818181818
0.35,0.6493506493506493,0.012345679012345678,0.5,0.024096385542168672
0.35,0.6641221374045801,0.043478260869565216,1.0,0.08333333333333333
0.35,0.6586345381526104,0.034482758620689655,0.75,0.06593406593406594
0.35,0.6653386454183267,0.045454545454545456,1.0,0.08695652173913045
0.35,0.6493506493506493,0.0,0.0,0.0
0.35,0.6583333333333333,0.023809523809523808,1.0,0.046511627906976744
0.35,0.656,0.03409090909090909,0.75,0.06521739130434782
0.35,0.6694214876033058,0.058823529411764705,1.0,0.1111111111111111
0.35,0.6639344262295082,0.03529411764705882,1.0,0.06818181818181818
0.35,0.6527196652719666,0.023809523809523808,0.6666666666666666,0.04597701149425287
0.35,0.6486486486486487,0.0,0.0,0.0
0.35,0.6693877551020408,0.05813953488372093,1.0,0.10989010989010987
0.35,0.6738197424892703,0.07317073170731707,1.0,0.13636363636363635
0.35,0.6550218340611353,0.025,0.6666666666666666,0.04819277108433735
0.35,0.6710526315789473,0.0625,1.0,0.11764705882352941
0.35,0.65748031496063,0.033707865168539325,0.75,0.06451612903225806
0.35,0.6614785992217899,0.03333333333333333,1.0,0.06451612903225806
0.35,0.6571428571428571,0.023255813953488372,1.0,0.04545454545454545
0.35,0.6595744680851063,0.036585365853658534,0.75,0.0697674418604651
0.35,0.6527196652719666,0.011904761904761904,1.0,0.023529411764705882
0.35,0.6639676113360324,0.046511627906976744,0.8,0.0879120879120879
0.35,0.652,0.022727272727272728,0.6666666666666666,0.04395604395604396
0.35,0.6639676113360324,0.03488372093023256,1.0,0.06741573033707865
0.35,0.6652360515021459,0.04878048780487805,1.0,0.09302325581395349
0.35,0.652542372881356,0.012048192771084338,1.0,0.02380952380952381
0.35,0.6493506493506493,0.012345679012345678,0.5,0.024096385542168672
0.35,0.673469387755102,0.06976744186046512,1.0,0.13043478260869565
0.35,0.6561264822134387,0.02247191011235955,1.0,0.04395604395604395
0.35,0.6598360655737705,0.03529411764705882,0.75,0.06741573033707865
0.35,0.6554621848739496,0.024096385542168676,0.6666666666666666,0.046511627906976744
0.35,0.6680327868852459,0.047058823529411764,1.0,0.0898876404494382
0.35,0.6530612244897959,0.023255813953488372,0.6666666666666666,0.0449438202247191
0.35,0.654320987654321,0.011764705882352941,1.0,0.023255813953488372
0.35,0.6653543307086615,0.0449438202247191,1.0,0.08602150537634408
0.35,0.6625,0.03571428571428571,1.0,0.0689655172413793
0.35,0.6540084388185654,0.024096385542168676,0.6666666666666666,0.046511627906976744
0.35,0.6721991701244814,0.05952380952380952,1.0,0.11235955056179775
0.35,0.657258064516129,0.022988505747126436,1.0,0.0449438202247191
0.35,0.6666666666666666,0.06097560975609756,0.8333333333333334,0.11363636363636363
0.35,0.6533864541832669,0.011363636363636364,1.0,0.02247191011235955
0.35,0.6571428571428571,0.023255813953488372,1.0,0.04545454545454545
0.35,0.6610878661087866,0.03571428571428571,1.0,0.0689655172413793
0.35,0.6518218623481782,0.011627906976744186,0.5,0.022727272727272724
0.35,0.6627450980392157,0.033707865168539325,1.0,0.06521739130434782
0.35,0.6709401709401709,0.07317073170731707,0.8571428571428571,0.1348314606741573
0.35,0.6639004149377593,0.03571428571428571,1.0,0.0689655172413793
0.35,0.6653386454183267,0.045454545454545456,1.0,0.08695652173913045
0.35,0.6751054852320675,0.07228915662650602,1.0,0.1348314606741573
0.35,0.6653543307086615,0.0449438202247191,1.0,0.08602150537634408
0.35,0.6561264822134387,0.033707865168539325,0.75,0.06451612903225806
0.35,0.6626016260162602,0.03488372093023256,1.0,0.06741573033707865
0.35,0.6578947368421053,0.03225806451612903,0.75,0.061855670103092786
0.35,0.6553191489361702,0.012195121951219513,1.0,0.024096385542168676
0.35,0.6588235294117647,0.033707865168539325,0.75,0.06451612903225806
0.35,0.6491228070175439,0.0,0.0,0.0
0.35,0.6585365853658537,0.03488372093023256,0.75,0.06666666666666667
0.35,0.6612903225806451,0.034482758620689655,1.0,0.06666666666666667
0.35,0.6518218623481782,0.0,0.0,0.0
0.35,0.6628352490421456,0.04395604395604396,0.8,0.08333333333333336
0.35,0.6550387596899225,0.022222222222222223,0.6666666666666666,0.043010752688172046
0.35,0.6463414634146342,0.0,0.0,0.0
0.35,0.6530612244897959,0.023255813953488372,0.6666666666666666,0.0449438202247191
0.35,0.6600790513833992,0.033707865168539325,1.0,0.06521739130434782
0.35,0.6653846153846154,0.04395604395604396,1.0,0.08421052631578947
0.35,0.6637931034482759,0.037037037037037035,1.0,0.07142857142857142
0.35,0.6526717557251909,0.010869565217391304,1.0,0.02150537634408602
0.35,0.6584362139917695,0.03529411764705882,0.75,0.06741573033707865
0.35,0.6585365853658537,0.03488372093023256,0.75,0.06666666666666667
0.35,0.6541666666666667,0.023809523809523808,0.6666666666666666,0.04597701149425287
0.35,0.6493506493506493,0.012345679012345678,0.5,0.024096385542168672
0.35,0.6527196652719666,0.011904761904761904,1.0,0.023529411764705882
0.35,0.6666666666666666,0.046511627906976744,1.0,0.08888888888888888
0.35,0.6666666666666666,0.047619047619047616,1.0,0.0909090909090909
0.35,0.658008658008658,0.037037037037037035,0.75,0.07058823529411765
0.35,0.6571428571428571,0.023255813953488372,1.0,0.04545454545454545
0.4,0.6055776892430279,0.02,0.6666666666666666,0.038834951456310676
0.4,0.6115702479338843,0.041237113402061855,0.8,0.0784313725490196
0.4,0.6122448979591837,0.030612244897959183,1.0,0.05940594059405941
0.4,0.6126482213438735,0.0297029702970297,1.0,0.05769230769230769
0.4,0.614406779661017,0.031914893617021274,1.0,0.06185567010309278
0.4,0.608,0.03,0.75,0.05769230769230769
0.4,0.6040816326530613,0.01020408163265306,1.0,0.020202020202020204
0.4,0.6127659574468085,0.031914893617021274,1.0,0.06185567010309278
0.4,0.6126482213438735,0.039603960396039604,0.8,0.07547169811320754
0.4,0.6033755274261603,0.010526315789473684,1.0,0.020833333333333332
0.4,0.610655737704918,0.030612244897959183,1.0,0.05940594059405941
0.4,0.6016949152542372,0.010638297872340425,0.5,0.020833333333333336
0.4,0.6175298804780877,0.04,1.0,0.07692307692307693
0.4,0.5975609756097561,0.0,0.0,0.0
0.4,0.6047430830039525,0.019801980198019802,0.6666666666666666,0.038461538461538464
0.4,0.6055776892430279,0.02,0.6666666666666666,0.038834951456310676
0.4,0.6162790697674418,0.038834951456310676,1.0,0.07476635514018691
0.4,0.6068376068376068,0.02127659574468085,1.0,0.04166666666666667
0.4,0.606694560669456,0.020833333333333332,1.0,0.04081632653061225
0.4,0.6016260162601627,0.01020408163265306,0.5,0.019999999999999997
0.4,0.610655737704918,0.04081632653061224,0.8,0.07766990291262134
0.4,0.6041666666666666,0.020833333333333332,0.6666666666666666,0.0404040404040404
0.4,0.6079295154185022,0.03296703296703297,0.75,0.06315789473684211
0.4,0.6138211382113821,0.04081632653061224,0.8,0.07766990291262134
0.4,0.610655737704918,0.030612244897959183,1.0,0.05940594059405941
0.4,0.6017316017316018,0.010869565217391304,0.5,0.021276595744680847
0.4,0.6145038167938931,0.0380952380952381,1.0,0.07339449541284404
0.4,0.606425702811245,0.03,0.75,0.05769230769230769
0.4,0.6175298804780877,0.04,1.0,0.07692307692307693
0.4,0.6017316017316018,0.0,0.0,0.0
0.4,0.6083333333333333,0.020833333333333332,1.0,0.04081632653061225
0.4,0.608,0.03,0.75,0.05769230769230769
0.4,0.6198347107438017,0.05154639175257732,1.0,0.0980392156862745
0.4,0.610655737704918,0.030612244897959183,1.0,0.05940594059405941
0.4,0.602510460251046,0.020833333333333332,0.6666666666666666,0.0404040404040404
0.4,0.5984555984555985,0.0,0.0,0.0
0.4,0.6204081632653061,0.05102040816326531,1.0,0.09708737864077671
0.4,0.6266094420600858,0.06451612903225806,1.0,0.12121212121212122
0.4,0.6026200873362445,0.021739130434782608,0.6666666666666666,0.042105263157894736
0.4,0.6228070175438597,0.054945054945054944,1.0,0.10416666666666666
0.4,0.6062992125984252,0.029411764705882353,0.75,0.056603773584905655
0.4,0.6108949416342413,0.02912621359223301,1.0,0.05660377358490566
0.4,0.6081632653061224,0.02040816326530612,1.0,0.039999999999999994
0.4,0.6085106382978723,0.031914893617021274,0.75,0.061224489795918366
0.4,0.602510460251046,0.010416666666666666,1.0,0.020618556701030924
0.4,0.611336032388664,0.04040404040404041,0.8,0.07692307692307693
0.4,0.604,0.02,0.6666666666666666,0.038834951456310676
0.4,0.611336032388664,0.030303030303030304,1.0,0.05882352941176471
0.4,0.6180257510729614,0.043010752688172046,1.0,0.08247422680412372
0.4,0.6059322033898306,0.010638297872340425,1.0,0.021052631578947368
0.4,0.6017316017316018,0.010869565217391304,0.5,0.021276595744680847
0.4,0.6244897959183674,0.061224489795918366,1.0,0.11538461538461538
0.4,0.6086956521739131,0.019801980198019802,1.0,0.038834951456310676
0.4,0.6065573770491803,0.030612244897959183,0.75,0.0588235294117647
0.4,0.6050420168067226,0.021052631578947368,0.6666666666666666,0.04081632653061225
0.4,0.6147540983606558,0.04081632653061224,1.0,0.07843137254901959
0.4,0.6040816326530613,0.02040816326530612,0.6666666666666666,0.0396039603960396
0.4,0.6049382716049383,0.010309278350515464,1.0,0.020408163265306124
0.4,0.6141732283464567,0.0392156862745098,1.0,0.07547169811320754
0.4,0.6125,0.03125,1.0,0.06060606060606061
0.4,0.6033755274261603,0.021052631578947368,0.6666666666666666,0.04081632653061225
0.4,0.6224066390041494,0.052083333333333336,1.0,0.09900990099009901
0.4,0.6088709677419355,0.020202020202020204,1.0,0.03960396039603961
0.4,0.6153846153846154,0.05319148936170213,0.8333333333333334,0.09999999999999999
0.4,0.6055776892430279,0.01,1.0,0.019801980198019802
0.4,0.6081632653061224,0.02040816326530612,1.0,0.039999999999999994
0.4,0.6108786610878661,0.03125,1.0,0.06060606060606061
0.4,0.5991902834008097,0.010101010101010102,0.5,0.019801980198019806
0.4,0.611764705882353,0.029411764705882353,1.0,0.05714285714285715
0.4,0.6196581196581197,0.06382978723404255,0.8571428571428571,0.1188118811881188
0.4,0.6141078838174274,0.03125,1.0,0.06060606060606061
0.4,0.6175298804780877,0.04,1.0,0.07692307692307693
0.4,0.6244725738396625,0.06315789473684211,1.0,0.11881188118811882
0.4,0.6141732283464567,0.0392156862745098,1.0,0.07547169811320754
0.4,0.6086956521739131,0.0297029702970297,0.75,0.05714285714285714
0.4,0.6138211382113821,0.030612244897959183,1.0,0.05940594059405941
0.4,0.6090225563909775,0.02830188679245283,0.75,0.05454545454545455
0.4,0.6042553191489362,0.010638297872340425,1.0,0.021052631578947368
0.4,0.6078431372549019,0.029411764705882353,0.75,0.056603773584905655
0.4,0.6008771929824561,0.0,0.0,0.0
0.4,0.6097560975609756,0.030612244897959183,0.75,0.0588235294117647
0.4,0.6129032258064516,0.030303030303030304,1.0,0.05882352941176471
0.4,0.5991902834008097,0.0,0.0,0.0
0.4,0.6130268199233716,0.038461538461538464,0.8,0.07339449541284404
0.4,0.6046511627906976,0.019417475728155338,0.6666666666666666,0.03773584905660377
0.4,0.5975609756097561,0.0,0.0,0.0
0.4,0.6040816326530613,0.02040816326530612,0.6666666666666666,0.0396039603960396
0.4,0.6126482213438735,0.0297029702970297,1.0,0.05769230769230769
0.4,0.6153846153846154,0.038461538461538464,1.0,0.07407407407407407
0.4,0.6120689655172413,0.03225806451612903,1.0,0.0625
0.4,0.6030534351145038,0.009523809523809525,1.0,0.01886792452830189
0.4,0.6090534979423868,0.030927835051546393,0.75,0.05940594059405941
0.4,0.6097560975609756,0.030612244897959183,0.75,0.0588235294117647
0.4,0.6041666666666666,0.020833333333333332,0.6666666666666666,0.0404040404040404
0.4,0.6017316017316018,0.010869565217391304,0.5,0.021276595744680847
0.4,0.602510460251046,0.010416666666666666,1.0,0.020618556701030924
0.4,0.6178861788617886,0.04081632653061224,1.0,0.07843137254901959
0.4,0.6166666666666667,0.041666666666666664,1.0,0.07999999999999999
0.4,0.6103896103896104,0.03260869565217391,0.75,0.06249999999999999
0.4,0.6081632653061224,0.02040816326530612,1.0,0.039999999999999994
0.45,0.5537848605577689,0.017699115044247787,0.6666666666666666,0.034482758620689655
0.45,0.5619834710743802,0.03669724770642202,0.8,0.07017543859649122
0.45,0.563265306122449,0.02727272727272727,1.0,0.053097345132743355
0.45,0.5612648221343873,0.02631578947368421,1.0,0.05128205128205127
0.45,0.5635593220338984,0.02830188679245283,1.0,0.055045871559633024
0.45,0.556,0.02654867256637168,0.75,0.05128205128205128
0.45,0.5551020408163265,0.00909090909090909,1.0,0.018018018018018018
0.45,0.5617021276595745,0.02830188679245283,1.0,0.055045871559633024
0.45,0.5612648221343873,0.03508771929824561,0.8,0.06722689075630252
0.45,0.5527426160337553,0.009345794392523364,1.0,0.018518518518518517
0.45,0.5614754098360656,0.02727272727272727,1.0,0.053097345132743355
0.45,0.5508474576271186,0.009433962264150943,0.5,0.018518518518518517
0.45,0.5657370517928287,0.035398230088495575,1.0,0.06837606837606837
0.45,0.5447154471544715,0.0,0.0,0.0
0.45,0.5533596837944664,0.017543859649122806,0.6666666666666666,0.03418803418803419
0.45,0.5537848605577689,0.017699115044247787,0.6666666666666666,0.034482758620689655
0.45,0.5658914728682171,0.034482758620689655,1.0,0.06666666666666667
0.45,0.5598290598290598,0.01904761904761905,1.0,0.03738317757009346
0.45,0.5564853556485355,0.018518518518518517,1.0,0.03636363636363636
0.45,0.5487804878048781,0.009009009009009009,0.5,0.017699115044247787
0.45,0.5614754098360656,0.03636363636363636,0.8,0.06956521739130435
0.45,0.5541666666666667,0.018518518518518517,0.6666666666666666,0.036036036036036036
0.45,0.5594713656387665,0.029411764705882353,0.75,0.056603773584905655
0.45,0.5609756097560976,0.036036036036036036,0.8,0.06896551724137931
0.45,0.5614754098360656,0.02727272727272727,1.0,0.053097345132743355
0.45,0.5497835497835498,0.009615384615384616,0.5,0.01886792452830189
0.45,0.5648854961832062,0.03389830508474576,1.0,0.06557377049180328
0.45,0.5582329317269076,0.026785714285714284,0.75,0.051724137931034475
0.45,0.5657370517928287,0.035398230088495575,1.0,0.06837606837606837
0.45,0.5497835497835498,0.0,0.0,0.0
0.45,0.5583333333333333,0.018518518518518517,1.0,0.03636363636363636
0.45,0.556,0.02654867256637168,0.75,0.05128205128205128
0.45,0.5702479338842975,0.045871559633027525,1.0,0.08771929824561404
0.45,0.5614754098360656,0.02727272727272727,1.0,0.053097345132743355
0.45,0.5523012552301255,0.018518518518518517,0.6666666666666666,0.036036036036036036
0.45,0.5482625482625483,0.0,0.0,0.0
0.45,0.5714285714285714,0.045454545454545456,1.0,0.08695652173913045
0.45,0.575107296137339,0.05714285714285714,1.0,0.1081081081081081
0.45,0.5545851528384279,0.019417475728155338,0.6666666666666666,0.03773584905660377
0.45,0.5701754385964912,0.04854368932038835,1.0,0.09259259259259259
0.45,0.5590551181102362,0.02631578947368421,0.75,0.05084745762711864
0.45,0.5603112840466926,0.02586206896551724,1.0,0.050420168067226885
0.45,0.5591836734693878,0.01818181818181818,1.0,0.03571428571428572
0.45,0.5574468085106383,0.02830188679245283,0.75,0.05454545454545455
0.45,0.5523012552301255,0.009259259259259259,1.0,0.018348623853211007
0.45,0.562753036437247,0.036036036036036036,0.8,0.06896551724137931
0.45,0.552,0.017699115044247787,0.6666666666666666,0.034482758620689655
0.45,0.562753036437247,0.02702702702702703,1.0,0.052631578947368425
0.45,0.5665236051502146,0.0380952380952381,1.0,0.07339449541284404
0.45,0.5550847457627118,0.009433962264150943,1.0,0.018691588785046728
0.45,0.5497835497835498,0.009615384615384616,0.5,0.01886792452830189
0.45,0.5755102040816327,0.05454545454545454,1.0,0.10344827586206896
0.45,0.5573122529644269,0.017543859649122806,1.0,0.034482758620689655
0.45,0.5573770491803278,0.02727272727272727,0.75,0.052631578947368425
0.45,0.5546218487394958,0.018691588785046728,0.6666666666666666,0.03636363636363636
0.45,0.5655737704918032,0.03636363636363636,1.0,0.07017543859649122
0.45,0.5551020408163265,0.01818181818181818,0.6666666666666666,0.035398230088495575
0.45,0.5555555555555556,0.009174311926605505,1.0,0.018181818181818184
0.45,0.5669291338582677,0.03508771929824561,1.0,0.06779661016949151
0.45,0.5625,0.027777777777777776,1.0,0.05405405405405406
0.45,0.5527426160337553,0.018691588785046728,0.6666666666666666,0.03636363636363636
0.45,0.5726141078838174,0.046296296296296294,1.0,0.08849557522123894
0.45,0.5564516129032258,0.017857142857142856,1.0,0.03508771929824561
0.45,0.5683760683760684,0.047619047619047616,0.8333333333333334,0.09009009009009009
0.45,0.5537848605577689,0.008849557522123894,1.0,0.017543859649122806
0.45,0.5591836734693878,0.01818181818181818,1.0,0.03571428571428572
0.45,0.5606694560669456,0.027777777777777776,1.0,0.05405405405405406
0.45,0.5506072874493927,0.009009009009009009,0.5,0.017699115044247787
0.45,0.5607843137254902,0.02608695652173913,1.0,0.05084745762711864
0.45,0.5726495726495726,0.05714285714285714,0.8571428571428571,0.10714285714285714
0.45,0.5643153526970954,0.027777777777777776,1.0,0.05405405405405406
0.45,0.5657370517928287,0.035398230088495575,1.0,0.06837606837606837
0.45,0.5738396624472574,0.056074766355140186,1.0,0.10619469026548672
0.45,0.5669291338582677,0.03508771929824561,1.0,0.06779661016949151
0.45,0.5573122529644269,0.02631578947368421,0.75,0.05084745762711864
0.45,0.5609756097560976,0.02702702702702703,1.0,0.052631578947368425
0.45,0.556390977443609,0.025,0.75,0.048387096774193554
0.45,0.5531914893617021,0.009433962264150943,1.0,0.018691588785046728
0.45,0.5568627450980392,0.02608695652173913,0.75,0.050420168067226885
0.45,0.5482456140350878,0.0,0.0,0.0
0.45,0.556910569105691,0.02702702702702703,0.75,0.052173913043478265
0.45,0.5604838709677419,0.026785714285714284,1.0,0.052173913043478265
0.45,0.5506072874493927,0.0,0.0,0.0
0.45,0.5632183908045977,0.03418803418803419,0.8,0.06557377049180328
0.45,0.5542635658914729,0.017241379310344827,0.6666666666666666,0.03361344537815126
0.45,0.5447154471544715,0.0,0.0,0.0
0.45,0.5551020408163265,0.01818181818181818,0.6666666666666666,0.035398230088495575
0.45,0.5612648221343873,0.02631578947368421,1.0,0.05128205128205127
0.45,0.5653846153846154,0.03418803418803419,1.0,0.06611570247933884
0.45,0.5646551724137931,0.028846153846153848,1.0,0.05607476635514019
0.45,0.5534351145038168,0.00847457627118644,1.0,0.01680672268907563
0.45,0.5596707818930041,0.027522935779816515,0.75,0.05309734513274336
0.45,0.556910569105691,0.02702702702702703,0.75,0.052173913043478265
0.45,0.5541666666666667,0.018518518518518517,0.6666666666666666,0.036036036036036036
0.45,0.5497835497835498,0.009615384615384616,0.5,0.01886792452830189
0.45,0.5523012552301255,0.009259259259259259,1.0,0.018348623853211007
0.45,0.5650406504065041,0.036036036036036036,1.0,0.06956521739130435
0.45,0.5666666666666667,0.037037037037037035,1.0,0.07142857142857142
0.45,0.5584415584415584,0.028846153846153848,0.75,0.05555555555555555
0.45,0.5591836734693878,0.01818181818181818,1.0,0.03571428571428572
0.5,0.50199203187251,0.015873015873015872,0.6666666666666666,0.031007751937984492
0.5,0.512396694214876,0.03305785123966942,0.8,0.06349206349206349
0.5,0.5102040816326531,0.024390243902439025,1.0,0.047619047619047616
0.5,0.5098814229249012,0.023622047244094488,1.0,0.046153846153846156
0.5,0.5127118644067796,0.025423728813559324,1.0,0.04958677685950414
0.5,0.508,0.024,0.75,0.04651162790697675
0.5,0.5020408163265306,0.008130081300813009,1.0,0.01612903225806452
0.5,0.5106382978723404,0.025423728813559324,1.0,0.04958677685950414
0.5,0.5098814229249012,0.031496062992125984,0.8,0.06060606060606061
0.5,0.5021097046413502,0.008403361344537815,1.0,0.016666666666666666
0.5,0.5122950819672131,0.02459016393442623,1.0,0.048
0.5,0.5,0.00847457627118644,0.5,0.016666666666666666
0.5,0.5139442231075697,0.031746031746031744,1.0,0.06153846153846154
0.5,0.4959349593495935,0.0,0.0,0.0
0.5,0.5019762845849802,0.015748031496062992,0.6666666666666666,0.03076923076923077
0.5,0.50199203187251,0.015873015873015872,0.6666666666666666,0.031007751937984492
0.5,0.5155038759689923,0.031007751937984496,1.0,0.06015037593984962
0.5,0.5085470085470085,0.017094017094017096,1.0,0.033613445378151266
0.5,0.5062761506276151,0.016666666666666666,1.0,0.03278688524590164
0.5,0.5,0.008130081300813009,0.5,0.016
0.5,0.5122950819672131,0.03278688524590164,0.8,0.06299212598425197
0.5,0.5041666666666667,0.016666666666666666,0.6666666666666666,0.03252032520325203
0.5,0.5066079295154186,0.02631578947368421,0.75,0.05084745762711864
0.5,0.5121951219512195,0.032520325203252036,0.8,0.06250000000000001
0.5,0.5122950819672131,0.02459016393442623,1.0,0.048
0.5,0.49783549783549785,0.008620689655172414,0.5,0.01694915254237288
0.5,0.5152671755725191,0.030534351145038167,1.0,0.059259259259259255
0.5,0.5060240963855421,0.024,0.75,0.04651162790697675
0.5,0.5139442231075697,0.031746031746031744,1.0,0.06153846153846154
0.5,0.49783549783549785,0.0,0.0,0.0
0.5,0.5083333333333333,0.016666666666666666,1.0,0.03278688524590164
0.5,0.508,0.024,0.75,0.04651162790697675
0.5,0.5206611570247934,0.04132231404958678,1.0,0.07936507936507936
0.5,0.5122950819672131,0.02459016393442623,1.0,0.048
0.5,0.502092050209205,0.016666666666666666,0.6666666666666666,0.03252032520325203
0.5,0.4980694980694981,0.0,0.0,0.0
0.5,0.5183673469387755,0.04065040650406504,1.0,0.078125
0.5,0.5236051502145923,0.05128205128205128,1.0,0.09756097560975609
0.5,0.5021834061135371,0.017391304347826087,0.6666666666666666,0.03389830508474576
0.5,0.5219298245614035,0.043859649122807015,1.0,0.08403361344537816
0.5,0.5078740157480315,0.023622047244094488,0.75,0.04580152671755725
0.5,0.5097276264591439,0.023255813953488372,1.0,0.04545454545454545
0.5,0.5061224489795918,0.016260162601626018,1.0,0.032
0.5,0.5063829787234042,0.025423728813559324,0.75,0.04918032786885246
0.5,0.502092050209205,0.008333333333333333,1.0,0.01652892561983471
0.5,0.5101214574898786,0.03225806451612903,0.8,0.06201550387596899
0.5,0.504,0.016,0.6666666666666666,0.03125
0.5,0.5101214574898786,0.024193548387096774,1.0,0.047244094488188976
0.5,0.5150214592274678,0.03418803418803419,1.0,0.06611570247933884
0.5,0.5042372881355932,0.00847457627118644,1.0,0.01680672268907563
0.5,0.49783549783549785,0.008620689655172414,0.5,0.01694915254237288
0.5,0.5224489795918368,0.04878048780487805,1.0,0.09302325581395349
0.5,0.5059288537549407,0.015748031496062992,1.0,0.031007751937984496
0.5,0.5081967213114754,0.02459016393442623,0.75,0.047619047619047616
0.5,0.5042016806722689,0.01680672268907563,0.6666666666666666,0.032786885245901634
0.5,0.5163934426229508,0.03278688524590164,1.0,0.06349206349206349
0.5,0.5020408163265306,0.016260162601626018,0.6666666666666666,0.03174603174603175
0.5,0.5020576131687243,0.00819672131147541,1.0,0.016260162601626018
0.5,0.515748031496063,0.031496062992125984,1.0,0.06106870229007634
0.5,0.5125,0.025,1.0,0.04878048780487806
0.5,0.5021097046413502,0.01680672268907563,0.6666666666666666,0.032786885245901634
0.5,0.5186721991701245,0.04132231404958678,1.0,0.07936507936507936
0.5,0.5080645161290323,0.016129032258064516,1.0,0.031746031746031744
0.5,0.5170940170940171,0.042735042735042736,0.8333333333333334,0.08130081300813008
0.5,0.50199203187251,0.007936507936507936,1.0,0.015748031496062992
0.5,0.5061224489795918,0.016260162601626018,1.0,0.032
0.5,0.5104602510460251,0.025,1.0,0.04878048780487806
0.5,0.4979757085020243,0.008064516129032258,0.5,0.015873015873015872
0.5,0.5098039215686274,0.0234375,1.0,0.04580152671755725
0.5,0.5213675213675214,0.05128205128205128,0.8571428571428571,0.0967741935483871
0.5,0.5103734439834025,0.024793388429752067,1.0,0.048387096774193554
0.5,0.5139442231075697,0.031746031746031744,1.0,0.06153846153846154
0.5,0.5232067510548524,0.05042016806722689,1.0,0.096
0.5,0.515748031496063,0.031496062992125984,1.0,0.06106870229007634
0.5,0.5059288537549407,0.023622047244094488,0.75,0.04580152671755725
0.5,0.5121951219512195,0.024390243902439025,1.0,0.047619047619047616
0.5,0.5075187969924813,0.022556390977443608,0.75,0.043795620437956206
0.5,0.502127659574468,0.00847457627118644,1.0,0.01680672268907563
0.5,0.5058823529411764,0.0234375,0.75,0.045454545454545456
0.5,0.5,0.0,0.0,0.0
0.5,0.508130081300813,0.024390243902439025,0.75,0.04724409448818898
0.5,0.5120967741935484,0.024193548387096774,1.0,0.047244094488188976
0.5,0.4979757085020243,0.0,0.0,0.0
0.5,0.5095785440613027,0.030534351145038167,0.8,0.0588235294117647
0.5,0.5038759689922481,0.015503875968992248,0.6666666666666666,0.0303030303030303
0.5,0.4959349593495935,0.0,0.0,0.0
0.5,0.5020408163265306,0.016260162601626018,0.6666666666666666,0.03174603174603175
0.5,0.5098814229249012,0.023622047244094488,1.0,0.046153846153846156
0.5,0.5153846153846153,0.03076923076923077,1.0,0.059701492537313446
0.5,0.5129310344827587,0.02586206896551724,1.0,0.050420168067226885
0.5,0.5038167938931297,0.007633587786259542,1.0,0.015151515151515152
0.5,0.5061728395061729,0.02459016393442623,0.75,0.047619047619047616
0.5,0.508130081300813,0.024390243902439025,0.75,0.04724409448818898
0.5,0.5041666666666667,0.016666666666666666,0.6666666666666666,0.03252032520325203
0.5,0.49783549783549785,0.008620689655172414,0.5,0.01694915254237288
0.5,0.502092050209205,0.008333333333333333,1.0,0.01652892561983471
0.5,0.516260162601626,0.032520325203252036,1.0,0.06299212598425198
0.5,0.5166666666666667,0.03333333333333333,1.0,0.06451612903225806
0.5,0.5064935064935064,0.02586206896551724,0.75,0.05
0.5,0.5061224489795918,0.016260162601626018,1.0,0.032
